Size,Shell Sort,Count Sort,Insertion Sort,Selection Sort,Bubble Sort,Merge Sort,Quick Sort
200,0,0,0,0,0,0,0
500,0,0,0,0,0,0,0
1000,0,0,0,0,0,0,0
10000,15620.8,0,0,171834,156213,0,140592
20000,0,15621.4,0,672905,629582,0,531125
30000,0,0,0,1.52046e+06,1.39251e+06,0,1.22071e+06
